﻿<?xml version="1.0" encoding="utf-8"?>
<Book xmlns="http://tempuri.org/XMLFile1.xsd">
    <BookName>C# Professional</BookName>
    <BookName>C# Cookbook</BookName>
    <BookName>SQL Server Black Book</BookName>
    <BookName>Mastering VB.Net</BookName>
    <BookName>ASP.Net Unleashed</BookName>
    <BookName>.Net Framework Essentials</BookName>
    <ReleaseYear>2001</ReleaseYear>
    <ReleaseYear>2002</ReleaseYear>
    <ReleaseYear>2003</ReleaseYear>
    <ReleaseYear>2004</ReleaseYear>
    <Publication>EEE</Publication>
    <Publication>Microsoft Press</Publication>
    <Publication>O 'Reilly</Publication>
    <Publication>BpB</Publication>
    <Publication>Sams TechMedia</Publication>
</Book>